DLQGlmG7k,2021-07-31 19:09:48.542732
PZHH6mM7k,2021-07-31 20:39:04.525423
WZDgUMMnz,2021-08-01 13:10:52.221628
ssLi8GMnk,2021-08-01 13:12:10.695780
svIj_MMnk,2021-08-01 14:01:37.794729
mcKiuGM7z,2021-08-01 14:04:25.806653
Yg2fXGG7k,2021-08-01 14:14:18.335942
u-p4eGMnz,2021-08-01 15:16:33.485065
IRBUR7M7z,2021-08-01 15:43:58.423900
DtQrg7Mnz,2021-08-01 15:46:15.031361
E5xGznM7z,2021-08-01 15:50:30.000062
ZZJIk7M7z,2021-08-01 15:52:06.963899
EAn1fIM7k,2021-08-02 16:07:54.601838
3gk6fIM7k,2021-08-02 16:15:28.751797
